title,production_cost,domestic_gross,worldwide_gross,opening_weekend,mpaa,genre,theaters,runtime,year,net earnings
Avengers: Endgame,400000000,858373000,2797800564,357115007,PG-13,Action,4662,181,2019,2397800564
Pirates of the Caribbean: On Stranger Tides,379000000,241071802,1045713802,90151958,PG-13,Adventure,4164,136,2011,666713802
Avengers: Age of Ultron,365000000,459005868,1395316979,191271109,PG-13,Action,4276,141,2015,1030316979
Star Wars Ep. VII: The Force Awakens,306000000,936662225,2064615817,247966675,PG-13,Adventure,4134,136,2015,1758615817
Avengers: Infinity War,300000000,678815482,2048359754,257698183,PG-13,Action,4474,156,2018,1748359754
Pirates of the Caribbean: At World’s End,300000000,309420425,960996492,114732820,PG-13,Adventure,4362,167,2007,660996492
Justice League,300000000,229024295,655945209,93842239,PG-13,Action,4051,121,2017,355945209
Spectre,300000000,200074175,879500760,70403148,PG-13,Action,3929,148,2015,579500760
Star Wars: The Rise of Skywalker,275000000,515202542,1072848487,177383864,PG-13,Adventure,4406,142,2019,797848487
Solo: A Star Wars Story,275000000,213767512,393151347,84420489,PG-13,Adventure,4381,135,2018,118151347
John Carter,263700000,73058679,282778100,30180188,PG-13,Adventure,3749,132,2012,19078100
Batman v Superman: Dawn of Justice,263000000,330360194,872395091,166007347,PG-13,Action,4256,151,2016,609395091
Star Wars Ep. VIII: The Last Jedi,262000000,620181382,1331635141,220009584,PG-13,Adventure,4232,150,2017,1069635141
The Lion King,260000000,543638043,1647778651,191770759,PG,Adventure,4802,118,2019,1387778651
Tangled,260000000,200821936,583777242,48767052,PG,Musical,3603,101,2010,323777242
Spider-Man 3,258000000,336530303,894860230,151116516,PG-13,Adventure,4324,139,2007,636860230
Captain America: Civil War,250000000,408084349,1151918521,179139142,PG-13,Action,4226,146,2016,901918521
Thor: Love and Thunder,250000000,343256830,745453552,144165107,PG-13,Action,4375,119,2022,495453552
Harry Potter and the Half-Blood Prince,250000000,302089278,929411069,77835727,PG,Adventure,4455,153,2009,679411069
The Hobbit: The Desolation of Smaug,250000000,258241522,959358436,73645197,PG-13,Adventure,3928,201,2013,709358436
The Hobbit: The Battle of the Five Armies,250000000,255119788,940389558,54724334,PG-13,Adventure,3875,144,2014,690389558
The Fate of the Furious,250000000,225764765,1236703796,98786705,PG-13,Action,4329,136,2017,986703796
No Time to Die,250000000,160891007,760008036,55225007,PG-13,Action,4407,163,2021,510008036
Avatar,237000000,785221649,2910370905,77025481,PG-13,Action,3461,162,2009,2673370905
Superman Returns,232000000,200120000,391081192,52535096,PG-13,Adventure,4065,150,2006,159081192
The Dark Knight Rises,230000000,448139099,1082228107,160887295,PG-13,Action,4404,164,2012,852228107
Pirates of the Caribbean: Dead Men Tell No Tales,230000000,172558876,794861794,62983253,PG-13,Adventure,4276,135,2017,564861794
Quantum of Solace,230000000,169368427,591692078,67528882,PG-13,Action,3501,106,2008,361692078
The Avengers,225000000,623357910,1515100211,207438708,PG-13,Action,4349,143,2012,1290100211
Pirates of the Caribbean: Dead Man’s Chest,225000000,423315812,1066179725,135634554,PG-13,Adventure,4133,151,2006,841179725
Man of Steel,225000000,291045518,667999518,116619362,PG-13,Action,4207,142,2013,442999518
The Chronicles of Narnia: Prince Caspian,225000000,141621490,417341288,55034805,PG,Adventure,3929,144,2008,192341288
The Lone Ranger,225000000,89302115,260002115,29210849,PG-13,Western,3904,149,2013,35002115
The Amazing Spider-Man,220000000,262030663,757890267,62004688,PG-13,Adventure,4318,136,2012,537890267
Battleship,220000000,65233400,313477717,25534825,PG-13,Action,3702,130,2012,93477717
Transformers: The Last Knight,217000000,130168683,602893340,44680073,PG-13,Action,4132,148,2017,385893340
Jurassic World,215000000,652306625,1669979967,208806270,PG-13,Action,4291,124,2015,1454979967
Men in Black 3,215000000,179020854,654213485,54592779,PG-13,Adventure,4248,104,2012,439213485
Transformers: Revenge of the Fallen,210000000,402111870,836519699,108966307,PG-13,Action,4293,149,2009,626519699
Transformers: Age of Extinction,210000000,245439076,1104054072,100038390,PG-13,Action,4233,165,2014,894054072
X-Men: The Last Stand,210000000,234362462,459260946,102750665,PG-13,Action,3714,104,2006,249260946
Robin Hood,210000000,105487148,322459006,36063385,PG-13,Action,3505,139,2010,112459006
King Kong,207000000,218080025,550517357,50130145,PG-13,Adventure,3627,189,2005,343517357
The Golden Compass,205000000,70107728,367262558,25783232,PG-13,Adventure,3528,113,2007,162262558
Tenet,205000000,58504105,362450957,20001852,PG-13,Action,2930,110,2020,157450957
Spider-Man: No Way Home,200000000,814108407,1912775610,260138569,PG-13,Action,4336,148,2021,1712775610
Black Panther,200000000,700059566,1336494321,202003951,PG-13,Action,4084,120,2018,1136494321
Titanic,200000000,659363944,2207986545,28638131,PG-13,Drama,3265,194,1997,2007986545
Incredibles 2,200000000,608581744,1242805359,182687905,PG,Adventure,4413,118,2018,1042805359
Rogue One: A Star Wars Story,200000000,533539991,1055083596,155081681,PG-13,Adventure,4157,134,2016,855083596
Finding Dory,200000000,486295561,1025006125,135060273,PG,Adventure,4305,103,2016,825006125
Toy Story 4,200000000,434038008,1073080329,120908065,G,Adventure,4575,89,2019,873080329
Toy Story 3,200000000,415004880,1068879522,110307189,G,Adventure,4028,102,2010,868879522
Doctor Strange in the Multiverse of Madness,200000000,411331607,952224986,187420998,PG-13,Action,4534,126,2022,752224986
Iron Man 3,200000000,408992272,1215392272,174144585,PG-13,Action,4253,130,2013,1015392272
Guardians of the Galaxy Vol 2,200000000,389813101,869113101,146510104,PG-13,Action,4347,136,2017,669113101
Spider-Man 2,200000000,373524485,794697557,88156227,PG-13,Adventure,4166,127,2004,594697557
The Batman,200000000,369345583,767820302,134008624,PG-13,Action,4417,175,2022,567820302
Alice in Wonderland,200000000,334191110,1025491110,116101023,PG,Adventure,3739,108,2010,825491110
Skyfall,200000000,304360277,1110526981,88364714,PG-13,Action,3526,143,2012,910526981
The Hobbit: An Unexpected Journey,200000000,303003568,1014938545,84617303,PG-13,Adventure,4100,169,2012,814938545
Monsters University,200000000,268488329,743455810,82429469,G,Adventure,4004,102,2013,543455810
Oz the Great and Powerful,200000000,234770996,490359051,79110453,PG,Adventure,3912,130,2013,290359051
X-Men: Days of Future Past,200000000,233921534,747862775,90823660,PG-13,Action,4001,131,2014,547862775
The Amazing Spider-Man 2,200000000,202853933,708996336,91608337,PG-13,Action,4324,141,2014,508996336
Cars 2,200000000,191450875,560155383,66135507,G,Adventure,4115,107,2011,360155383
Black Widow,200000000,183651655,379751655,80366312,PG-13,Action,4275,133,2021,179751655
Fast & Furious Presents: Hobbs & Shaw,200000000,173956935,760381706,60038950,PG-13,Action,4344,134,2019,560381706
F9: The Fast Saga,200000000,173005945,721077945,70043165,PG-13,Action,4203,145,2021,521077945
Tron: Legacy,200000000,172062763,399866199,44026211,PG,Adventure,3451,125,2010,199866199
2012,200000000,166112167,757677748,65237614,PG-13,Action,3444,158,2009,557677748
Eternals,200000000,164870264,402064929,71297219,PG-13,Action,4090,156,2021,202064929
Fantastic Beasts: The Crimes of Grindelwald,200000000,159555901,648455339,62163104,PG-13,Adventure,4163,134,2018,448455339
Terminator Salvation,200000000,125322469,365491792,42558390,PG-13,Action,3602,116,2009,165491792
Lightyear,200000000,118307188,218571346,50577961,PG,Adventure,4255,110,2022,18571346
Jungle Cruise,200000000,116987516,210384144,35018731,PG-13,Adventure,4310,90,2021,10384144
Green Lantern,200000000,116601172,219535492,53174303,PG-13,Action,3816,113,2011,19535492
Prince of Persia: Sands of Time,200000000,90759676,336359676,30095259,PG-13,Action,3646,115,2010,136359676
Dark Phoenix,200000000,65845974,246356895,32828348,PG-13,Action,3721,114,2019,46356895
Onward,200000000,61555145,133317030,39119861,PG,Adventure,4310,114,2020,-66682970
Wonder Woman 1984,200000000,46801036,166360232,16701957,PG-13,Action,2218,151,2020,-33639768
Transformers: Dark of the Moon,195000000,352390543,1123794079,97852865,PG-13,Action,4107,154,2011,928794079
The Mummy,195000000,80101125,409953905,31668375,PG-13,Adventure,4035,107,2017,214953905
Jack the Giant Slayer,195000000,65187603,197687603,27202226,PG-13,Adventure,3525,113,2013,2687603
Furious 7,190000000,353007020,1514553486,147187040,PG-13,Action,4022,137,2015,1324553486
Star Trek Into Darkness,190000000,228778661,467381584,70165559,PG-13,Adventure,3907,132,2013,277381584
World War Z,190000000,202706711,531861650,66411834,PG-13,Action,3607,115,2013,341861650
The Great Gatsby,190000000,144840419,353640419,50085184,PG-13,Drama,3550,141,2013,163640419
Disney’s A Christmas Carol,190000000,137855863,315709697,30051075,PG,Drama,3683,95,2009,125709697
Pacific Rim,190000000,101802906,411002906,37285325,PG-13,Action,3285,131,2013,221002906
The Matrix Resurrections,190000000,37686805,156467817,10749011,R,Action,3552,148,2021,-33532183
The Good Dinosaur,187500000,123087120,333771037,39155217,PG,Adventure,3749,92,2015,146271037
Iron Man,186000000,318604126,585171547,102118668,PG-13,Adventure,4154,126,2008,399171547
The Dark Knight,185000000,533720947,998615789,158411483,PG-13,Action,4366,152,2008,813615789
Indiana Jones and the Kingdom of the Crystal Skull,185000000,317101119,786635413,100137835,PG-13,Adventure,4264,123,2008,601635413
Brave,185000000,237282182,554606532,66323594,PG,Adventure,4164,93,2012,369606532
Kong: Skull Island,185000000,168052812,561072059,61025472,PG-13,Adventure,3846,118,2017,376072059
Star Trek Beyond,185000000,158848340,335673708,59253211,PG-13,Adventure,3928,122,2016,150673708
Maleficent: Mistress of Evil,185000000,113929605,489346495,36948713,PG,Adventure,3820,118,2019,304346495
Blade Runner 2049,185000000,92054159,258829058,32753122,R,Thriller/Suspense,4058,164,2017,73829058
Terminator: Dark Fate,185000000,62253077,250372367,29033832,R,Action,4086,128,2019,65372367
The Suicide Squad,185000000,55817425,167120232,26205415,R,Action,4019,132,2021,-17879768
Aladdin,182000000,355559216,1046649706,91500929,PG,Adventure,4476,128,2019,864649706
Thor: Ragnarok,180000000,315058289,850482778,122744989,PG-13,Action,4080,130,2017,670482778
Maleficent,180000000,241407328,758536735,69431298,PG,Adventure,3948,97,2014,578536735
Fantastic Beasts and Where to Find Them,180000000,234037575,811724385,74403387,PG-13,Adventure,4144,133,2016,631724385
WALL-E,180000000,223808164,532508025,63087526,G,Adventure,3992,100,2008,352508025
Rush Hour 3,180000000,140125968,256585882,49100158,PG-13,Action,3778,91,2007,76585882
The Legend of Tarzan,180000000,126643061,348902025,38527856,PG-13,Adventure,3591,110,2016,168902025
Hugo,180000000,73864507,180047784,11364505,PG,Adventure,2608,126,2011,47784
Valerian and the City of a Thousand Planets,180000000,40479370,215098356,17007624,PG-13,Adventure,3553,129,2017,35098356
Jupiter Ascending,179000000,47482519,181982519,18372372,PG-13,Action,3885,127,2015,2982519
Mission: Impossible—Fallout,178000000,220159104,787176729,61236534,PG-13,Action,4395,147,2018,609176729
X-Men: Apocalypse,178000000,155442489,542537546,65769562,PG-13,Action,4153,136,2016,364537546
The Meg,178000000,145443742,527370715,45402195,PG-13,Action,4118,113,2018,349370715
Edge of Tomorrow,178000000,100206256,367028980,28760246,PG-13,Action,3505,136,2014,189028980
Captain Marvel,175000000,426829839,1129727388,153433423,PG-13,Action,4310,124,2019,954727388
The Jungle Book,175000000,364001123,953554418,103261464,PG,Adventure,4144,105,2016,778554418
Inside Out,175000000,356461711,853003563,90440272,PG,Adventure,4158,95,2015,678003563
Spider-Man: Homecoming,175000000,334201140,878346440,117027503,PG-13,Action,4348,133,2017,703346440
Suicide Squad,175000000,325100054,745744980,133682248,PG-13,Action,4255,123,2016,570744980
Up,175000000,293004164,731463377,68108790,PG,Adventure,3886,89,2009,556463377
Coco,175000000,210460015,797666425,50802605,PG,Musical,3987,105,2017,622666425
Ralph Breaks The Internet,175000000,201091711,529290830,56237634,PG,Adventure,4017,112,2018,354290830
Monsters vs. Aliens,175000000,198351526,381687380,59321095,PG,Adventure,4136,95,2009,206687380
Cars 3,175000000,152901115,383541369,53688680,G,Adventure,4256,109,2017,208541369
G.I. Joe: The Rise of Cobra,175000000,150201498,302469017,54713046,PG-13,Action,4007,118,2009,127469017
Wild Wild West,175000000,113805681,221229335,27687484,PG-13,Adventure,3342,107,1999,46229335
The Mummy: Tomb of the Dragon Emperor,175000000,102491776,405760225,40457770,PG-13,Adventure,3778,111,2008,230760225
Evan Almighty,175000000,100289690,174131329,31192615,PG,Comedy,3636,96,2007,-868671
Waterworld,175000000,88246220,264246220,21171780,PG-13,Action,2420,135,1995,89246220
Dolittle,175000000,77047065,251410631,21844045,PG,Adventure,4155,103,2020,76410631
King Arthur: Legend of the Sword,175000000,39175066,139630336,15371270,PG-13,Adventure,3702,126,2017,-35369664
47 Ronin,175000000,38362475,151716815,9910310,PG-13,Action,2690,127,2013,-23283185
Top Gun: Maverick,170000000,715270567,1478823595,126707459,PG-13,Action,4751,131,2022,1308823595
Jurassic World: Fallen Kingdom,170000000,417719760,1308334005,148024610,PG-13,Action,4485,128,2018,1138334005
Guardians of the Galaxy,170000000,333714112,770882395,94320883,PG-13,Action,4088,121,2014,600882395
Iron Man 2,170000000,312433331,621156389,128122480,PG-13,Action,4390,125,2010,451156389
Captain America: The Winter Soldier,170000000,259746958,714401889,95023721,PG-13,Action,3938,135,2014,544401889
Dawn of the Planet of the Apes,170000000,208545589,710644566,72611427,PG-13,Adventure,3969,130,2014,540644566
The Polar Express,170000000,188578855,312719437,23325035,G,Adventure,3650,92,2004,142719437
Snow White and the Huntsman,170000000,155136755,401021746,56217700,PG-13,Adventure,3777,127,2012,231021746
Terminator 3: Rise of the Machines,170000000,150358296,433058296,44041440,R,Action,3504,109,2003,263058296
Van Helsing,170000000,120150546,300150546,51748040,PG-13,Action,3580,132,2004,130150546
Dumbo,170000000,114766307,353166307,45990748,PG,Adventure,4259,130,2019,183166307
Godzilla: King of the Monsters,170000000,110500138,383299915,47776293,PG-13,Action,4108,132,2019,213299915
Tomorrowland,170000000,93436322,206627518,33028165,PG,Adventure,3972,129,2015,36627518
Alita: Battle Angel,170000000,85838210,401900040,28525613,PG-13,Action,3802,122,2019,231900040
Alice Through the Looking Glass,170000000,77042381,276928112,26858726,PG,Adventure,3763,113,2016,106928112
Jurassic World: Dominion,165000000,376009080,1001188755,145075625,PG-13,Action,4697,146,2022,836188755
Shrek Forever After,165000000,238736787,756244673,70838207,PG,Adventure,4386,93,2010,591244673
Doctor Strange,165000000,232641920,676354481,85058311,PG-13,Action,3882,115,2016,511354481
Big Hero 6,165000000,222527828,648415024,56215889,PG,Adventure,3773,108,2014,483415024
How to Train Your Dragon,165000000,217581232,494870992,43732319,PG,Adventure,4060,91,2010,329870992
Wreck-It Ralph,165000000,189412677,496511521,49038712,PG,Adventure,3752,101,2012,331511521
Interstellar,165000000,188017894,649133873,47510360,PG-13,Adventure,3561,165,2014,484133873
Dune,165000000,108327830,397720527,41011174,PG-13,Action,4125,156,2021,232720527
Independence Day: Resurgence,165000000,103144286,384169424,41039944,PG-13,Action,4091,119,2016,219169424
Cowboys and Aliens,163000000,100368560,176038324,36431290,PG-13,Action,3754,118,2011,13038324
Beauty and the Beast,160000000,504014165,1270042058,174750616,PG,Musical,4210,123,2017,1110042058
Spider-Man: Far From Home,160000000,390532085,1132532832,92579212,PG-13,Action,4634,129,2019,972532832
Aquaman,160000000,335061807,1143758700,67873522,PG-13,Action,4184,143,2018,983758700
Shrek the Third,160000000,322719944,807330936,121629270,PG,Adventure,4172,92,2007,647330936
Inception,160000000,292576195,728582465,62785337,PG-13,Thriller/Suspense,3792,147,2010,568582465
The Hunger Games: Mockingjay - Part 2,160000000,281723902,648986787,102665981,PG-13,Thriller/Suspense,4175,136,2015,488986787
Fast and Furious 6,160000000,238679850,789300444,97375245,PG-13,Action,3771,130,2013,629300444
Godzilla,160000000,200676069,529076069,93188384,PG-13,Action,3952,123,2014,369076069
X-Men: First Class,160000000,146408305,355408305,55101604,PG-13,Action,3692,132,2011,195408305
The Curious Case of Benjamin Button,160000000,127509326,329631958,26853816,PG-13,Drama,2988,167,2008,169631958
The Sorcerer's Apprentice,160000000,63150991,217986320,17619622,PG,Adventure,3504,108,2010,57986320
Warcraft,160000000,47365290,438899824,24166110,PG-13,Action,3406,123,2016,278899824
Deepwater Horizon,156000000,61433527,122359309,20223544,PG-13,Thriller/Suspense,3403,107,2016,-33640691
Godzilla vs. Kong,155000000,100916094,468064628,32200000,PG-13,Action,3084,113,2021,313064628
Terminator: Genisys,155000000,89760956,432150894,27018486,PG-13,Action,3783,126,2015,277150894
Pacific Rim: Uprising,155000000,59874525,290930148,28116535,PG-13,Action,3708,111,2018,135930148
Alexander,155000000,34297191,167297191,13687087,R,Action,2445,175,2004,12297191
War for the Planet of the Apes,152000000,146880162,489592267,56262929,PG-13,Action,4100,142,2017,337592267
Pearl Harbor,151500000,198539855,449239853,59078912,PG-13,Action,3255,182,2001,297739853
Transformers,151000000,319246193,708272592,70502384,PG-13,Action,4050,142,2007,557272592
Frozen II,150000000,477373578,1445182280,130263358,PG,Adventure,4440,103,2019,1295182280
Wonder Woman,150000000,412563408,818058221,103251471,PG-13,Action,4165,141,2017,668058221
Frozen,150000000,400953009,1261788407,243390,PG,Musical,3742,102,2013,1111788407
Zootopia,150000000,341268248,1004629935,75063401,PG,Adventure,3959,108,2016,854629935
Harry Potter and the Order of the Phoenix,150000000,292137260,939619849,77108414,PG-13,Adventure,4285,138,2007,789619849
Harry Potter and the Goblet of Fire,150000000,290201752,886746240,102685961,PG-13,Adventure,3858,150,2005,736746240
The Matrix Reloaded,150000000,281553689,738576929,91774413,R,Action,3603,138,2003,588576929
I am Legend,150000000,256393010,585532684,77211321,PG-13,Horror,3648,100,2007,435532684
Moana,150000000,248757044,631617146,56631401,PG,Musical,3875,113,2016,481617146
Hancock,150000000,227946274,624234272,62603879,PG-13,Action,3965,92,2008,474234272
Shang-Chi and the Legend of the Ten Rings,150000000,224543292,432243292,75388688,PG-13,Action,4300,132,2021,282243292
Charlie and the Chocolate Factory,150000000,206459076,475825484,56178450,PG,Adventure,3790,115,2005,325825484
Ratatouille,150000000,206445654,626549695,47027395,G,Adventure,3940,110,2007,476549695
Thor: The Dark World,150000000,206362140,644602516,85737841,PG-13,Action,3841,111,2013,494602516
Batman Begins,150000000,205343774,358858124,48745440,PG-13,Action,3858,140,2005,208858124
Mission: Impossible—Rogue Nation,150000000,195042377,688858992,55520089,PG-13,Action,3988,131,2015,538858992
Dunkirk,150000000,190068280,518058826,50513488,PG-13,Action,4014,107,2017,368058826
Thor,150000000,181030624,449326618,65723338,PG-13,Action,3963,113,2011,299326618
Madagascar: Escape 2 Africa,150000000,180174880,599680774,63106589,PG,Adventure,4065,89,2008,449680774
X-Men Origins: Wolverine,150000000,179883157,374825760,85058003,PG-13,Action,4102,107,2009,224825760
Night at the Museum: Battle of the Smithsonian,150000000,177243721,402231063,54173286,PG,Adventure,4101,105,2009,252231063
Kung Fu Panda 2,150000000,165249063,664837547,47656302,PG,Adventure,3952,90,2011,514837547
Mad Max: Fury Road,150000000,153636354,367457874,45428128,R,Action,3722,120,2015,217457874
Pokémon: Detective Pikachu,150000000,144105346,431344168,54365242,PG,Adventure,4248,104,2019,281344168
The Matrix Revolutions,150000000,139270910,427300260,48475154,R,Action,3502,129,2003,277300260
Ready Player One,150000000,137690172,579055653,41769050,PG-13,Adventure,4234,140,2018,429055653
Chicken Little,150000000,135386665,310043823,40049778,G,Adventure,3658,82,2005,160043823
Mission: Impossible III,150000000,133501348,399387745,47743273,PG-13,Action,4059,126,2006,249387745
Angels & Demons,150000000,133375846,490875846,46204168,PG-13,Thriller/Suspense,3527,138,2009,340875846
Troy,150000000,133298577,483152040,46865412,R,Action,3411,162,2004,333152040
The Last Airbender,150000000,131772187,319713881,40325019,PG,Adventure,3203,103,2010,169713881
Bee Movie,150000000,126631277,287594577,38021044,PG,Adventure,3984,90,2007,137594577
G-Force,150000000,119436770,292817841,31706934,PG,Adventure,3697,87,2009,142817841
Bolt,150000000,114053579,328015029,26223128,PG,Adventure,3654,96,2008,178015029
Encanto,150000000,96093622,230873149,27206494,PG,Adventure,3980,109,2021,80873149
Wrath of the Titans,150000000,83670083,305270083,33457188,PG-13,Adventure,3545,99,2012,155270083
Beowulf,150000000,82280579,195080579,27515871,PG-13,Adventure,3249,115,2007,45080579
Dark Shadows,150000000,79727149,238202668,29685274,PG-13,Black Comedy,3755,112,2012,88202668
White House Down,150000000,73103784,205440387,24852258,PG-13,Thriller/Suspense,3222,131,2013,55440387
Space Jam: A New Legacy,150000000,70592228,144003749,31053362,PG,Comedy,4002,115,2021,-5996251
The Wolfman,150000000,62189884,142634358,31479235,R,Horror,3223,102,2010,-7365642
The Great Wall,150000000,45157105,334486852,18469620,PG-13,Action,3328,104,2016,184486852
Pan,150000000,35088320,151525973,15315435,PG,Adventure,3515,111,2015,1525973
Mars Needs Moms,150000000,21392758,39549758,6914488,PG,Adventure,3117,88,2011,-110450242
Moonfall,150000000,19060660,59049032,9868997,PG-13,Action,3446,124,2022,-90950968
Flushed Away,149000000,64665672,179357126,18814323,PG,Adventure,3707,85,2006,30357126
Madagascar 3: Europe's Most Wanted,145000000,216391482,746921271,60316738,PG,Adventure,4263,85,2012,601921271
Mission: Impossible—Ghost Protocol,145000000,209397903,694713230,12785204,PG-13,Action,3555,132,2011,549713230
How to Train Your Dragon 2,145000000,177002924,614586270,49451322,PG,Adventure,4268,102,2014,469586270
Tarzan,145000000,171091819,448191819,34221968,G,Adventure,3131,88,1999,303191819
Mr. Peabody & Sherman,145000000,111506430,269806430,32207057,PG,Adventure,3951,91,2014,124806430
Rise of the Guardians,145000000,103412758,306900902,23773465,PG,Adventure,3672,97,2012,161900902
Sahara,145000000,68671925,121645390,18068372,PG-13,Adventure,3200,124,2005,-23354610
Ghostbusters,144000000,128350574,229008658,46018755,PG-13,Comedy,3963,117,2016,85008658
Die Another Day,142000000,160942139,431942139,47072040,PG-13,Action,3377,133,2002,289942139
Star Trek,140000000,257730019,386839614,79204289,PG-13,Adventure,4053,125,2009,246839614
Armageddon,140000000,201578182,554600000,36089972,PG-13,Adventure,3184,150,1998,414600000
Men in Black 2,140000000,190418803,441767803,52148751,PG-13,Action,3641,86,2002,301767803
Captain America: The First Avenger,140000000,176654505,370569776,65058524,PG-13,Action,3715,124,2011,230569776
Kung Fu Panda 3,140000000,143528619,521170825,41282042,PG,Adventure,3987,94,2016,381170825
Lethal Weapon 4,140000000,130444603,285400000,34048124,R,Action,3117,127,1998,145400000
G.I. Joe: Retaliation,140000000,122523060,375740705,40501814,PG-13,Action,3734,110,2013,235740705
The Last Samurai,140000000,111110575,456810575,24271354,R,Action,2938,154,2003,316810575
Fun With Dick And Jane,140000000,110550000,203018919,14383515,PG-13,Comedy,3239,90,2005,63018919
Exodus: Gods and Kings,140000000,65014513,268314513,24115934,PG-13,Drama,3503,150,2014,128314513
The BFG,140000000,55483770,199646680,18775350,PG,Adventure,3392,115,2016,59646680
Gemini Man,140000000,48546770,166623705,20552372,PG-13,Action,3642,116,2019,26623705
Gods of Egypt,140000000,31153464,138836756,14123903,PG-13,Adventure,3117,127,2016,-1163244
Spider-Man,139000000,403706375,821706375,114844116,PG-13,Adventure,3876,121,2002,682706375
Watchmen,138000000,107509799,186976250,55214334,R,Action,3611,161,2009,48976250
Stealth,138000000,32116746,76416746,13251545,PG-13,Action,3495,121,2005,-61583254
The Incredible Hulk,137500000,134806913,265573859,55414050,PG-13,Adventure,3508,112,2008,128073859
Hulk,137000000,132177234,245031679,62128420,PG-13,Action,3674,138,2003,108031679
Final Fantasy: The Spirits Within,137000000,32131830,85131830,11408853,PG-13,Adventure,2649,106,2001,-51868170
"The Twilight Saga: Breaking Dawn, Part 2",136200000,292324737,829724737,141067634,PG-13,Drama,4070,115,2012,693524737
The Croods,135000000,187168425,573068425,43639736,PG,Adventure,4065,98,2013,438068425
The Revenant,135000000,183637894,532938302,474560,R,Adventure,3711,156,2015,397938302
The World is Not Enough,135000000,126930660,361730660,35519007,PG-13,Action,3165,128,1999,226730660
Rango,135000000,123477607,245724600,38079323,PG,Adventure,3923,107,2011,110724600
Master and Commander: The Far Side of the World,135000000,93926386,212912137,25105990,PG-13,Adventure,3101,139,2003,77912137
Turbo,135000000,83028130,286896578,21312625,PG,Adventure,3809,96,2013,151896578
Teenage Mutant Ninja Turtles: Out of the Shadows,135000000,82051601,245328374,35316382,PG-13,Adventure,4071,112,2016,110328374
Happy Feet Two,135000000,64006466,157956466,21237068,PG,Adventure,3611,99,2011,22956466
Miami Vice,135000000,63478838,164920076,25723815,R,Action,3026,132,2006,29920076
The Nutcracker and the Four Realms,132900000,54858851,170024300,20352491,PG,Adventure,3766,99,2018,37124300
War of the Worlds,132000000,234280354,606836535,64878725,PG-13,Action,3910,116,2005,474836535
Penguins of Madagascar,132000000,83350911,366942531,25447444,PG,Adventure,3775,92,2014,234942531
The Hunger Games: Catching Fire,130000000,424668047,864868047,158074286,PG-13,Adventure,4163,146,2013,734868047
Harry Potter and the Prisoner of Azkaban,130000000,249757726,789592708,93687367,PG,Adventure,3855,141,2004,659592708
The Bourne Ultimatum,130000000,227471070,444043396,69283690,PG-13,Thriller/Suspense,3701,113,2007,314043396
Ant-Man and the Wasp,130000000,216648740,623144660,75812205,PG-13,Action,4206,118,2018,493144660
Kung Fu Panda,130000000,215434591,631910531,60239130,PG,Adventure,4136,91,2008,501910531
Ant-Man,130000000,180202163,518858449,57225526,PG-13,Action,3868,117,2015,388858449
Home,130000000,177397510,385997896,52107731,PG,Adventure,3801,94,2015,255997896
Mary Poppins Returns,130000000,171958438,348901032,23523121,PG,Musical,4090,130,2018,218901032
Puss in Boots,130000000,149260504,554987477,34077439,PG,Adventure,3963,90,2011,424987477
Megamind,130000000,148415853,321887208,46016833,PG,Adventure,3949,95,2010,191887208
Bad Boys II,130000000,138540870,273271982,46522560,R,Action,3202,140,2003,143271982
Rio 2,130000000,131538435,492846291,39327869,G,Adventure,3975,101,2014,362846291
Salt,130000000,118311368,290650494,36011243,PG-13,Thriller/Suspense,3612,100,2010,160650494
Noah,130000000,101200044,352831065,43720472,PG-13,Drama,3571,137,2014,222831065
The Adventures of Tintin,130000000,77591831,373993951,9720993,PG,Adventure,3087,104,2011,243993951
After Earth,130000000,60522097,251499665,27520040,PG-13,Action,3401,99,2013,121499665
Australia,130000000,49554002,215080810,14800723,PG-13,Drama,2721,165,2008,85080810
R.I.P.D.,130000000,33618855,79076678,12691415,PG-13,Action,2852,98,2013,-50923322
How to Train Your Dragon: The Hidden World,129000000,160799505,521214533,55022245,PG,Adventure,4286,104,2019,392214533
"The Twilight Saga: Breaking Dawn, Part 1",127500000,281287133,688288353,138122261,PG-13,Drama,4066,117,2011,560788353
Dinosaur,127500000,137748063,356148063,38854851,PG,Adventure,3319,82,2000,228648063
Logan,127000000,226277068,614202315,88411916,R,Action,4071,135,2017,487202315
Night at the Museum: Secret of the Tomb,127000000,113746621,353756621,17100520,PG,Adventure,3914,97,2014,226756621
Harry Potter and the Deathly Hallows: Part II,125000000,381193157,1316355322,169189427,PG-13,Adventure,4375,131,2011,1191355322
The Hunger Games: Mockingjay - Part 1,125000000,337135885,766575131,121897634,PG-13,Thriller/Suspense,4151,123,2014,641575131
Harry Potter and the Sorcerer’s Stone,125000000,317871467,965054122,90294621,PG,Adventure,3672,152,2001,840054122
Jumanji: The Next Level,125000000,316831246,798332900,59251543,PG-13,Adventure,4227,123,2019,673332900
Harry Potter and the Deathly Hallows: Part I,125000000,296131568,951767705,125017372,PG-13,Adventure,4125,146,2010,826767705
The Da Vinci Code,125000000,217536138,767820459,77073388,PG-13,Thriller/Suspense,3757,152,2006,642820459
X-Men 2,125000000,214949694,406348630,85558731,PG-13,Action,3749,135,2003,281348630
Fast Five,125000000,210031325,630163454,86198765,PG-13,Action,3793,130,2011,505163454
Teenage Mutant Ninja Turtles,125000000,191204754,485004754,65575105,PG-13,Adventure,3980,101,2014,360004754
Sherlock Holmes: A Game of Shadows,125000000,186848418,535663443,39637079,PG-13,Action,3703,129,2011,410663443
The Day After Tomorrow,125000000,186740799,555840117,68743584,PG-13,Adventure,3444,123,2004,430840117
The Boss Baby,125000000,175003033,527965936,50198902,PG,Adventure,3829,97,2017,402965936
Clash of the Titans,125000000,163214888,493214888,61235105,PG-13,Action,3802,106,2010,368214888
Trolls,125000000,153707064,343242613,46581142,PG,Adventure,4066,93,2016,218242613
Godzilla,125000000,136314294,376000000,93188384,PG-13,Action,3952,123,1998,251000000
Prometheus,125000000,126477084,402448265,51050101,R,Thriller/Suspense,3442,124,2012,277448265
The Bourne Legacy,125000000,113203870,280355920,38142825,PG-13,Thriller/Suspense,3753,135,2012,155355920
Batman & Robin,125000000,107325195,238317814,42872605,PG-13,Action,2942,125,1997,113317814
Skyscraper,125000000,68420120,304868961,24905015,PG,Action,3822,103,2018,179868961
The Call of the Wild,125000000,62342368,107360936,24791624,PG,Adventure,3914,100,2020,-17639064
Total Recall,125000000,58877969,211856088,25577758,PG-13,Action,3601,117,2012,86856088
Assassin’s Creed,125000000,54647948,240759682,10278225,PG-13,Action,2996,116,2016,115759682
Monster Trucks,125000000,33370166,61642798,10950705,PG-13,Adventure,3119,104,2016,-63357202
The 13th Warrior,125000000,32698899,61698899,10267756,R,Action,2313,103,1999,-63301101
How the Grinch Stole Christmas,123000000,260348825,345445403,55820330,PG,Adventure,3256,105,2000,222445403
Mission: Impossible 2,120000000,215409889,549588516,57845297,PG-13,Action,3669,126,2000,429588516
The Perfect Storm,120000000,182618434,328711434,41325042,PG-13,Drama,3407,129,2000,208711434
Jason Bourne,120000000,162192920,416168316,59215365,PG-13,Action,4039,123,2016,296168316
Uncharted,120000000,148648820,401748820,44010155,PG-13,Adventure,4275,116,2022,281748820
Fantastic Four: Rise of the Silver Surfer,120000000,131921738,289480691,58051684,PG,Action,3963,91,2007,169480691
Life of Pi,120000000,124987022,619310368,22451514,PG,Drama,2946,125,2012,499310368
Ghost Rider,120000000,115802596,229545589,45388836,PG-13,Action,3620,110,2007,109545589
Rampage,120000000,101028233,427947217,35753093,PG-13,Action,4115,107,2018,307947217
Charlie's Angels: Full Throttle,120000000,100814328,227163273,37634221,PG-13,Action,3485,106,2003,107163273
Elysium,120000000,93050117,286192091,29807393,R,Action,3284,109,2013,166192091
Oblivion,120000000,89107235,287916633,37054485,PG-13,Thriller/Suspense,3792,125,2013,167916633
Power Rangers,120000000,85364450,142531552,40300288,PG-13,Action,3693,124,2017,22531552
Stuart Little 2,120000000,64956806,166000000,15115152,PG,Adventure,3282,77,2002,46000000
RoboCop,120000000,58607007,242981799,21681430,PG-13,Action,3372,116,2014,122981799
The Chronicles of Riddick,120000000,57712751,107212751,24289165,PG-13,Adventure,2759,119,2004,-12787249
Speed Racer,120000000,43945766,93394462,18561337,PG,Action,3606,135,2008,-26605538
The Island,120000000,35818913,163018913,12409070,PG-13,Action,3138,136,2005,43018913
How Do You Know?,120000000,30212620,49628177,7484696,R,Romantic Comedy,2483,121,2010,-70371823
Knight and Day,117000000,76423035,258751370,20139985,PG-13,Action,3104,109,2010,141751370
Venom,116000000,213511408,856081053,80255756,PG-13,Action,4250,112,2018,740081053
Star Wars Ep. I: The Phantom Menace,115000000,474544677,1027044677,64810970,PG,Adventure,3126,133,1999,912044677
Star Wars Ep. III: Revenge of the Sith,115000000,380270577,848998877,108435841,PG-13,Adventure,3663,139,2005,733998877
Star Wars Ep. II: Attack of the Clones,115000000,310676740,656695615,80027814,PG,Adventure,3161,143,2002,541695615
"Monsters, Inc.",115000000,290149425,560483719,62577067,G,Adventure,3649,92,2001,445483719
The Wolverine,115000000,132556852,416456852,53113752,PG-13,Action,3924,126,2013,301456852
Dante’s Peak,115000000,67163857,178200000,18479435,PG-13,Thriller/Suspense,2761,109,1997,63200000
The Huntsman: Winter’s War,115000000,48003015,165149302,19445035,PG-13,Action,3802,113,2016,50149302
Windtalkers,115000000,40914068,77628265,14520412,R,Action,2898,134,2002,-37371735
Gulliver's Travels,112000000,42779261,232017848,6307691,PG,Adventure,3089,87,2010,120017848
Ferdinand,111000000,84410380,288510892,13401586,PG,Adventure,3630,107,2017,177510892
Deadpool 2,110000000,324591735,786362370,125507153,R,Action,4349,119,2018,676362370
Gravity,110000000,274092705,688214291,55785112,PG-13,Thriller/Suspense,3820,91,2013,578214291
Night at the Museum,110000000,250863268,579446407,30433781,PG,Adventure,3768,108,2006,469446407
Venom: Let There be Carnage,110000000,213550366,501600379,90033210,PG-13,Action,4225,97,2021,391600379
Mr. and Mrs. Smith,110000000,186336279,486124090,50342878,PG-13,Action,3451,120,2005,376124090
San Andreas,110000000,155190832,456258539,54588173,PG-13,Adventure,3812,114,2015,346258539
The Smurfs,110000000,142614158,563749323,35611637,PG,Adventure,3427,103,2011,453749323
Live Free or Die Hard,110000000,134529403,382288147,33369559,PG-13,Action,3411,129,2007,272288147
The Divergent Series: Insurgent,110000000,130179072,295075882,52263680,PG-13,Action,3875,118,2015,185075882
Ocean's Twelve,110000000,125531634,362989076,39153380,PG-13,Adventure,3290,125,2004,252989076
Tomorrow Never Dies,110000000,125304276,339504276,25143007,PG-13,Action,2807,119,1997,229504276
The Patriot,110000000,113330342,215300000,22413710,R,Drama,3061,164,2000,105300000
300: Rise of an Empire,110000000,106580051,330780051,45038460,R,Action,3490,102,2014,220780051
The Aviator,110000000,102608827,208370892,858021,PG-13,Drama,2530,170,2004,98370892
Passengers,110000000,100014699,302239672,14869736,PG-13,Thriller/Suspense,3478,116,2016,192239672
The Green Hornet,110000000,98780042,229155503,33526876,PG-13,Action,3584,118,2011,119155503
Miss Peregrine’s Home for Peculiar Children,110000000,87242834,295986876,28871140,PG-13,Adventure,3835,126,2016,185986876
Real Steel,110000000,85463309,263880341,27319677,PG-13,Action,3440,126,2011,153880341
Men in Black: International,110000000,80001807,253020464,30035838,PG-13,Adventure,4224,118,2019,143020464
The A-Team,110000000,77222099,177241171,25669455,PG-13,Action,3544,118,2010,67241171
The Smurfs 2,110000000,71017784,348547523,17548389,PG,Adventure,3867,104,2013,238547523
The Divergent Series: Allegiant,110000000,66184051,172022517,29027348,PG-13,Action,3740,120,2016,62022517
The Taking of Pelham 123,110000000,65452312,152364370,23373102,R,Action,3077,106,2009,42364370
Ender's Game,110000000,61737191,127983283,27017351,PG-13,Adventure,3407,114,2013,17983283
Home on the Range,110000000,50026353,76482461,13880771,PG,Adventure,3058,76,2004,-33517539
Speed 2: Cruise Control,110000000,48097081,150468000,16158942,PG-13,Action,2625,125,1997,40468000
Kingdom of Heaven,110000000,47398413,218674938,19635996,R,Action,3219,148,2005,108674938
Ghost in the Shell,110000000,40563557,167910690,18676033,PG-13,Action,3440,100,2017,57910690
Around the World in 80 Days,110000000,24004159,72004159,7576132,PG,Adventure,2801,120,2004,-37995841
Dr. Seuss’ The Cat in the Hat,109000000,101018283,133818283,38329160,PG,Adventure,3467,82,2003,24818283
Ali,109000000,58183966,87683966,14710892,R,Drama,2521,158,2001,-21316034
The Martian,108000000,228433663,653609107,54308575,PG-13,Thriller/Suspense,3854,130,2015,545609107
Allied,106000000,40098064,119266661,12701743,R,Drama,3160,124,2016,13266661
"I, Robot",105000000,144801023,348629585,52179887,PG-13,Action,3494,115,2004,243629585
Stuart Little,105000000,140015224,298815224,15018223,PG,Adventure,3151,92,1999,193815224
The Princess and the Frog,105000000,104400899,270997378,786190,G,Adventure,3475,97,2009,165997378
"10,000 B.C.",105000000,94784201,269065678,35867488,PG-13,Adventure,3454,109,2008,164065678
Ice Age: Collision Course,105000000,64063008,402156682,21373064,PG,Adventure,3997,100,2016,297156682
Starship Troopers,105000000,54768952,121100000,22058773,R,Action,2971,129,1997,16100000
Kingsman: The Golden Circle,104000000,100234838,408803696,39023010,R,Action,4038,141,2017,304803696
Gone in 60 Seconds,103300000,101643008,232643008,25336048,PG-13,Action,3089,117,2000,129343008
Gladiator,103000000,187683805,456435588,34819017,R,Action,3188,154,2000,353435588
The Hangover 3,103000000,112200072,362000072,41671198,R,Comedy,3565,100,2013,259000072
A Wrinkle in Time,103000000,100478608,133214549,33123609,PG,Adventure,3980,120,2018,30214549
Public Enemies,102500000,97104620,212282709,25271675,R,Drama,3336,140,2009,109782709
Casino Royale,102000000,167365000,594420283,40833156,PG-13,Action,3443,144,2006,492420283
Minority Report,102000000,132024714,358824714,35677125,PG-13,Action,3001,144,2002,256824714
Bumblebee,102000000,127195589,465195589,21654047,PG-13,Adventure,3597,114,2018,363195589
Cloud Atlas,102000000,27108272,130673154,9612247,R,Drama,2023,172,2012,28673154
Harry Potter and the Chamber of Secrets,100000000,262233381,875262553,88357488,PG,Adventure,3682,161,2002,775262553
Terminator 2: Judgment Day,100000000,203464105,515376182,31765506,R,Action,2495,136,1991,415376182
Batman Forever,100000000,184031112,336529144,52784433,PG-13,Action,2893,122,1995,236529144
Planet of the Apes,100000000,180011740,362211740,68532960,PG-13,Adventure,3530,120,2001,262211740
National Treasure,100000000,173005002,331323410,35142554,PG,Adventure,3243,130,2004,231323410
Django Unchained,100000000,162805434,449841566,30122888,R,Western,3012,165,2012,349841566
1917,100000000,159227644,370603379,576216,R,Thriller/Suspense,3987,119,2019,270603379
Little Fockers,100000000,148438600,310650574,30833665,PG-13,Comedy,3675,98,2010,210650574
True Lies,100000000,146282411,365300000,25869770,R,Action,2561,141,1994,265300000
American Gangster,100000000,130164645,267985456,43565135,R,Drama,3111,157,2007,167985456
Cloudy with a Chance of Meatballs,100000000,124870275,236827677,30304648,PG,Adventure,3119,90,2009,136827677
The Other Guys,100000000,119219978,170936470,35543162,PG-13,Comedy,3651,97,2010,70936470
Lemony Snicket's A Series of Unfortunate Events,100000000,118627117,212956024,30061756,PG,Adventure,3623,107,2004,112956024
The Wolf of Wall Street,100000000,116949183,389918903,18410067,R,Black Comedy,2557,165,2013,289918903
Epic,100000000,107518682,262794441,33531068,PG,Adventure,3894,103,2013,162794441
Eraser,100000000,101295562,234400000,24566446,R,Action,2556,114,1996,134400000
The Hunchback of Notre Dame,100000000,100138851,325500000,21037414,G,Adventure,2835,91,1996,225500000
The Emperor's New Groove,100000000,89630573,169630573,9812302,G,Adventure,2887,78,2000,69630573
The Expendables 2,100000000,85028192,311979256,28591370,R,Action,3355,103,2012,211979256
Where the Wild Things Are,100000000,77233467,99123656,32695407,PG,Adventure,3735,100,2009,-876344
Eragon,100000000,75030163,249488115,23239907,PG,Adventure,3030,104,2006,149488115
Hercules,100000000,72688614,243388614,29800263,PG-13,Adventure,3595,97,2014,143388614
The Tourist,100000000,67631157,278731369,16472458,PG-13,Thriller/Suspense,2756,102,2010,178731369
End of Days,100000000,66889043,212026975,20523595,R,Action,2665,120,1999,112026975
Spies in Disguise,100000000,66757013,165138481,13354798,PG,Adventure,3502,104,2019,65138481
The Stepford Wives,100000000,59475623,96150482,21406781,PG-13,Black Comedy,3057,93,2004,-3849518
Surf’s Up,100000000,58867694,145395745,17640249,PG,Adventure,3531,85,2007,45395745
Blood Diamond,100000000,57377916,171377916,8648324,R,Action,1920,143,2006,71377916
Midway,100000000,56846802,126829063,17897419,PG-13,Action,3242,138,2019,26829063
Legend of the Guardians: The Owls of Ga'Hoole,100000000,55675313,139716717,16112211,PG,Adventure,3575,90,2010,39716717
Land of the Lost,100000000,49438370,69548641,18837350,PG-13,Comedy,3534,102,2009,-30451359
Peter Pan,100000000,48417850,95255485,11139495,PG,Adventure,2813,113,2003,-4744515
Wonder Park,100000000,45216793,115112118,15853646,PG,Adventure,3838,93,2019,15112118
Catwoman,100000000,40202379,82078046,16728411,PG-13,Action,3117,101,2004,-17921954
The Expendables 3,100000000,39322544,209461378,15879645,PG-13,Action,3221,103,2014,109461378
West Side Story,100000000,38530322,75011257,10574618,PG-13,Musical,2820,156,2021,-24988743
Treasure Planet,100000000,38120554,91800000,12083248,PG,Adventure,3227,95,2002,-8200000
The King’s Man,100000000,37176373,121125300,5915542,R,Action,3180,131,2021,21125300
Green Zone,100000000,35497337,97523020,14309295,R,Drama,3004,114,2010,-2476980
Geostorm,100000000,33700160,220796009,13707376,PG-13,Thriller/Suspense,3246,109,2017,120796009
Point Break,100000000,28782481,126704591,9800252,PG-13,Action,2910,113,2015,26704591
Cats,100000000,27166770,75558925,6619870,PG,Musical,3380,110,2019,-24441075
In the Heart of the Sea,100000000,25020758,89693309,11053366,PG-13,Adventure,3103,121,2015,-10306691
Transcendence,100000000,23022309,103039258,10886386,PG-13,Thriller/Suspense,3455,119,2014,3039258
Son of the Mask,100000000,17018422,59918422,7511675,PG,Adventure,2966,94,2005,-40081578
Mortal Engines,100000000,15951040,85480271,7559850,PG-13,Action,3103,128,2018,-14519729
Chaos Walking,100000000,13287908,27075660,3775350,PG-13,Action,2132,108,2021,-72924340
The Last Duel,100000000,10853945,30055233,4759151,R,Drama,3065,153,2021,-69944767
Jin líng shí san chai,100000000,311434,98227017,48558,R,Drama,30,141,2012,-1772983
The Peanuts Movie,99000000,130178411,250091610,44213073,G,Adventure,3902,89,2015,151091610
The LEGO Movie 2: The Second Part,99000000,105806508,190131036,34115335,PG,Adventure,4303,107,2019,91131036
Robin Hood,99000000,30824628,85210012,36063385,PG-13,Action,3505,139,2018,-13789988
The Mummy Returns,98000000,202007640,435040395,68139035,PG-13,Adventure,3553,129,2001,337040395
Ford v. Ferrari,97600000,117624357,224418748,31474958,PG-13,Drama,3746,152,2019,126818748
Gangs of New York,97000000,77730500,183124621,9496870,R,Drama,2340,155,2002,86124621
Alien: Covenant,97000000,74262031,238521247,36160621,R,Horror,3772,123,2017,141521247
Cinderella,95000000,201151353,542351353,67877361,PG,Drama,3848,105,2015,447351353
Ice Age: Continental Drift,95000000,161321843,879765137,46629259,PG,Adventure,3886,87,2012,784765137
Black Hawk Down,95000000,108638745,159691085,179823,R,Action,3143,144,2001,64691085
Sex and the City 2,95000000,95347692,294680778,31001870,R,Comedy,3445,146,2010,199680778
Percy Jackson & the Olympians: The Lightning Thief,95000000,88768303,223050874,31236067,PG,Adventure,3396,119,2010,128050874
The Campaign,95000000,86907746,104907746,26588460,R,Comedy,3302,85,2012,9907746
Unstoppable,95000000,81562942,165720921,22688457,PG-13,Action,3261,98,2010,70720921
The Fifth Element,95000000,63570862,263893838,17031345,PG-13,Action,2500,126,1997,168893838
The Road to El Dorado,95000000,50802661,65700000,12846652,PG,Adventure,3223,89,2000,-29300000
The Lovely Bones,95000000,44114232,94894448,116616,PG-13,Drama,2638,135,2009,-105552
Ben-Hur,95000000,26410477,91669648,11203815,PG-13,Adventure,3084,123,2016,-3330352
Seventh Son,95000000,17725785,108874967,7217640,PG-13,Adventure,2875,102,2014,13874967
Finding Nemo,94000000,380529370,936094852,70251710,G,Adventure,3425,100,2003,842094852
The Lord of the Rings: The Return of the King,94000000,377845905,1120214046,72629713,PG-13,Adventure,3703,201,2003,1026214046
The Lord of the Rings: The Two Towers,94000000,342548984,919148764,62007528,PG-13,Adventure,3622,179,2002,825148764
Lara Croft: Tomb Raider,94000000,131144183,273330185,47735743,PG-13,Adventure,3349,100,2001,179330185
Kingsman: The Secret Service,94000000,128261724,404561724,36206331,R,Action,3282,129,2015,310561724
The Lord of the Rings: The Fellowship of the Ring,93000000,315544750,891216824,47211490,PG-13,Adventure,3381,179,2001,798216824
Jurassic Park III,93000000,181166115,365900000,50771645,PG-13,Action,3470,93,2001,272900000
Rise of the Planet of the Apes,93000000,176760185,470986200,54806191,PG-13,Adventure,3691,120,2011,377986200
The Spiderwick Chronicles,92500000,71195053,162839667,19004058,PG,Adventure,3847,96,2008,70339667
The Incredibles,92000000,261441092,631441092,70467623,PG,Adventure,3933,115,2004,539441092
A Good Day to Die Hard,92000000,67349198,304249198,24834845,R,Action,3555,98,2013,212249198
The Alamo,92000000,22406362,23911362,9124701,PG-13,Western,2609,137,2004,-68088638
The Secret Life of Walter Mitty,91000000,58236838,187861183,12765508,PG,Adventure,2922,114,2013,96861183
